insert into "User" (user_id, user_name, user_email, created_at) values (1, 'YU3FUPH1I8X00TUTN8UU8CTGGW74VBVKNID0S0FHBVAOM', '99R5LVXKGGTFA8BA2D0IMW0H1RM78CRKNRML3KCAM5XC8', 'UAHUM5ATREH3LHPAIGUB');

insert into "User" (user_id, user_name, user_email, created_at) values (2, '87RKVOGX6QI6CU U6MVQ9WAELNINU0YLFEUO3G4D5KDSS', 'S2W18TEEUSE34KI9XKCA9B9Y14NDSHV597O71QOBLPT20', 'VAWQDOCFHU4J0FF7JCF5');

insert into "User" (user_id, user_name, user_email, created_at) values (4, 'QBO1D9S3WT3VLD69DWY9GLUVPJBHN8VC4YIR7DCPJJJSM', ' UF7ARMGI0WP624AG9TSXMUPXX  4OQBQ9PQMLDDICVFX', '4FYQQF3J4O9QQ5CNKXM ');

insert into "User" (user_id, user_name, user_email, created_at) values (0, '1M TFHQEA BKMKAPK2VQIR4OEBA8W1N1CP3M0V63 NEI4', '4HNGOAUP  6XV5AHID6E1AH3VFMAGO2X9JYAVL I9F770', '6MBH72O9697L4KEELR22');

insert into "User" (user_id, user_name, user_email, created_at) values (3, 'FXO IR2346PLJA8MPFLUPL8ETV2UXHFE3HOI7I2G4H13X', 'L9EOUMX3O4DE9KUW76H66 VM066NEJVQJ1MAH8OHF5JBD', 'SD5AY1I2TEO8PB74DOMP');

insert into Documentation (documentation_id, documentation_link, documentation_actor) values (4, 'MKDI470098OJHDRWHFYECN3PTI18UD LD CIYJJYPLRT0EKYMX HFSQFW3O8WA5J3LND4X0W10LR40XWHUTLITILN53FOQHN3RDS', 'SAGBVU64OSC0E62GFRWA4FNHY6VMF63K0KOB3 097EBRO');

insert into Documentation (documentation_id, documentation_link, documentation_actor) values (1, 'FLFLM O1AD1AWGH 93A686L6W8IH ASH9H6QM2SXK50M9KE7BI63OG0RCWF5HTGA4W UMYG6EXLRLWGKJ2KO6062DOXGPJUL3087', 'ELPY68R1NQP RTSWLCLPRP8NBIV5WOMU2954GC36SKU0 ');

insert into Documentation (documentation_id, documentation_link, documentation_actor) values (3, 'UW 4YDB8NTS4FGIA4RBIAKXGMWX5R8335HIHUQEFY4XD98210L47M3PYUWE8LM11Y01T7LCPSSYJI8HQ36NYQS33QF4U308NXE64', 'R9V0JH05I3TLTFBO10RPVG9PL1BR2YCN1E39WO5PUQO14');

insert into Documentation (documentation_id, documentation_link, documentation_actor) values (2, 'D14CHP7LL PO0MVY1V257S7TCEC13ENJXS0GR87J2E0IW2UEJK40BWQ44FQOEXTMCYX59LJFUO164EHEY60 LL0WBGGSTSDUNLFN', 'D6WMPCFEKUTGP42NMV2MQAPX88LPF0EQ1GI616DYY2CQ0');

insert into Documentation (documentation_id, documentation_link, documentation_actor) values (0, '3JI41VLB91E84L7L82H9SNU42HN4RQKSULMU3UN3WV7I9J54AOB1IYXUTYU9F9JRPEA45LOMK2BCWUMH98LND8D GT7 5KWLIB9Q', 'O2VXLAQBIJTR0K250CCIWGECD56JQUTF1R6V1E4H EJDV');

insert into Language (language_id, documentation_id, language_name, language_version) values (1, 4, 'A1JRW 7GTHP R4G3I3LW36538DWUM16626CVKS512SPNP', 'SW1RAL08ES2K074FK4Q9');

insert into Language (language_id, documentation_id, language_name, language_version) values (4, 3, '5 9 BLEMTU8CFGD7HNGBLA2N75QXHKU F6U3WBBIHML49', ' 8TJWK 2S7XT3CJKTVGJ');

insert into Language (language_id, documentation_id, language_name, language_version) values (3, 4, 'X32G0HT46H4FMBA7DCHT4D BA0N1X8X8UA94X87187FXF', 'N0IFKKVCKGY366871VCV');

insert into Language (language_id, documentation_id, language_name, language_version) values (0, 4, '626QGSW6Y8E9 F6W8XALLQH06BM3TD7 RBJ6U7Y0V8RHH', 'JKO972BMKUNP8SM0PTLB');

insert into Language (language_id, documentation_id, language_name, language_version) values (2, 1, 'RXRG0XQBYMY8YIP6KG0TT1O105YOL7UH1Q5C21PAINLD2', 'FKTO6522VRJ160DJANEE');

insert into File (file_id, user_id, language_id, file_name, file_link) values (2, 2, 2, 'XRKAT8UWGX2CTBG5TOJON  DDARJ2MAJF 4321XBDP10O', 'CFY2D01O40356VJ4EXWTNPFE716HJVED85B6E3UL KQE6SESCX7LNS7A9PO4 L3DV34W1RWN79Q5PPYFWGJJKRCKYPSKJT6GLXTU');

insert into File (file_id, user_id, language_id, file_name, file_link) values (3, 2, 4, 'ABJ1N5A5MSKU0WVS9FA452 PHTF8MRBV1GVLXT 9M81IW', 'CLQ5RT 64DYA39JPG O H9I0KLS79325RF6S8T1IKTOXXI7EX1GCOB5Y03 3YGUI1SIGDEWYSSMXKGAJPUFPRD4LQV26EUKLIJ6H');

insert into File (file_id, user_id, language_id, file_name, file_link) values (4, 1, 0, 'WN8S4NKWLQJ82D2H9VVFJ6ALVAS993920K 4EK4LYLCXI', 'JRVW1CXM XHD42328WHDACFR6FPR378VCMB3DLNCGNUI2TOTTIMD374TC1S6SIMBDPQPC6AGKPGCXS3FXKP7T6GBK 1C9RB8ML80');

insert into File (file_id, user_id, language_id, file_name, file_link) values (0, 0, 1, 'NSG7RIUT8ULVYXK03EKVEFH 5MRWKGHO2XC99HQGD806J', 'L2 0DJ8XW2 BC6SOGM9UVGOCO55UOU8N9P 511 IQ05ONSG7W2R4QDWQ081D950EPIL HPKHB15S5WMA2M467I 321T7JH00S18T');

insert into File (file_id, user_id, language_id, file_name, file_link) values (1, 2, 3, ' SCUC9KD8BLRBSALE0DOJJN2V QR3OEDPGATI0DJKPOTS', '05GS7E8QW6HGU511IEST5XT6TK0R90U0QP6CU1C9 JY NRNBY5VMT7ONBVT6FDO QA5NM688V0EU8GC5BGPQ5WGMH5OAW2KXN8MG');

